{
    "normals": [0,0,-1,0,0,-0.999969],
    "metadata": {
        "normals": 2,
        "vertices": 145,
        "faces": 144,
        "generator": "io_three",
        "version": 3,
        "type": "Geometry",
        "uvs": 1
    },
    "vertices": [2.101,0,-0.004618,2.101,-0.438698,-0.004618,2.101,-0.8475,-0.004618,2.101,-1.44677,-0.004618,0.8475,-1.44677,-0.004618,0.438698,-1.44677,-0.004618,0,-1.44677,-0.004618,-0.438698,-1.44677,-0.004618,-0.8475,-1.44677,-0.004618,-2.101,-1.44677,-0.004618,-2.101,-0.8475,-0.004618,-2.101,-0.438698,-0.004618,-2.101,0,-0.004618,-2.101,0.438698,-0.004617,-2.101,0.8475,-0.004617,-2.101,1.44677,-0.004617,-0.8475,1.44677,-0.004617,-0.438698,1.44677,-0.004617,0,1.44677,-0.004617,0.438698,1.44677,-0.004617,0.8475,1.44677,-0.004617,2.101,1.44677,-0.004617,2.101,0.8475,-0.004617,2.101,0.438698,-0.004617,0.693342,0.01,-0.004618,0.669716,-0.16945,-0.004618,0.600451,-0.336671,-0.004618,0.490267,-0.480267,-0.004618,0.346671,-0.590451,-0.004618,0.17945,-0.659716,-0.004618,-0,-0.683342,-0.004618,-0.17945,-0.659716,-0.004618,-0.346671,-0.590451,-0.004618,-0.490267,-0.480266,-0.004618,-0.600451,-0.336671,-0.004618,-0.669717,-0.16945,-0.004618,-0.693342,0.01,-0.004618,-0.669716,0.18945,-0.004617,-0.600451,0.356671,-0.004617,-0.490267,0.500266,-0.004617,-0.346671,0.610451,-0.004617,-0.17945,0.679716,-0.004617,0,0.703341,-0.004617,0.17945,0.679716,-0.004617,0.346671,0.610451,-0.004617,0.490267,0.500266,-0.004617,0.600451,0.356671,-0.004617,0.669717,0.18945,-0.004617,0.420022,0.01,-0.004618,0.40571,-0.09871,-0.004618,0.36375,-0.200011,-0.004618,0.297001,-0.287001,-0.004618,0.210011,-0.35375,-0.004618,0.10871,-0.39571,-0.004618,-0,-0.410022,-0.004618,-0.10871,-0.39571,-0.004618,-0.210011,-0.35375,-0.004618,-0.297001,-0.287001,-0.004618,-0.36375,-0.200011,-0.004618,-0.40571,-0.09871,-0.004618,-0.420022,0.01,-0.004618,-0.40571,0.11871,-0.004618,-0.36375,0.220011,-0.004617,-0.297001,0.307001,-0.004617,-0.210011,0.37375,-0.004617,-0.10871,0.41571,-0.004617,-0,0.430022,-0.004617,0.10871,0.41571,-0.004617,0.210011,0.37375,-0.004617,0.297001,0.307001,-0.004617,0.36375,0.220011,-0.004617,0.40571,0.11871,-0.004618,0.342947,0.01,-0.004618,0.331261,-0.078761,-0.004618,0.297001,-0.161473,-0.004618,0.2425,-0.2325,-0.004618,0.171473,-0.287001,-0.004618,0.088761,-0.321261,-0.004618,0,-0.332947,-0.004618,-0.088761,-0.321261,-0.004618,-0.171473,-0.287001,-0.004618,-0.2425,-0.2325,-0.004618,-0.297001,-0.161473,-0.004618,-0.331261,-0.078761,-0.004618,-0.342947,0.01,-0.004618,-0.331261,0.098761,-0.004618,-0.297001,0.181473,-0.004617,-0.2425,0.2525,-0.004617,-0.171473,0.307001,-0.004617,-0.088761,0.341261,-0.004617,-0,0.352947,-0.004617,0.088761,0.341261,-0.004617,0.171473,0.307001,-0.004617,0.2425,0.2525,-0.004617,0.297001,0.181473,-0.004617,0.331261,0.098761,-0.004618,0.2425,0.01,-0.004618,0.234237,-0.052764,-0.004618,0.210011,-0.11125,-0.004618,0.171473,-0.161473,-0.004618,0.12125,-0.200011,-0.004618,0.062764,-0.224237,-0.004618,-0,-0.2325,-0.004618,-0.062764,-0.224237,-0.004618,-0.12125,-0.200011,-0.004618,-0.171473,-0.161473,-0.004618,-0.210011,-0.11125,-0.004618,-0.234237,-0.052764,-0.004618,-0.2425,0.01,-0.004618,-0.234237,0.072764,-0.004618,-0.210011,0.13125,-0.004618,-0.171473,0.181473,-0.004617,-0.12125,0.220011,-0.004617,-0.062764,0.244237,-0.004617,0,0.2525,-0.004617,0.062764,0.244237,-0.004617,0.12125,0.220011,-0.004617,0.171473,0.181473,-0.004617,0.210011,0.13125,-0.004618,0.234237,0.072764,-0.004618,0.125527,0.01,-0.004618,0.12125,-0.022489,-0.004618,0.10871,-0.052764,-0.004618,0.088761,-0.078761,-0.004618,0.062764,-0.09871,-0.004618,0.032489,-0.11125,-0.004618,0,-0.115527,-0.004618,-0.032489,-0.11125,-0.004618,-0.062764,-0.09871,-0.004618,-0.088761,-0.078761,-0.004618,-0.10871,-0.052764,-0.004618,-0.12125,-0.022489,-0.004618,-0.125527,0.01,-0.004618,-0.12125,0.042489,-0.004618,-0.10871,0.072764,-0.004618,-0.088761,0.098761,-0.004618,-0.062764,0.11871,-0.004618,-0.032489,0.13125,-0.004618,0,0.135527,-0.004618,0.032489,0.13125,-0.004618,0.062764,0.11871,-0.004618,0.088761,0.098761,-0.004618,0.10871,0.072764,-0.004618,0.12125,0.042489,-0.004618,-0,0.01,-0.004618],