{
    "normals": [0,0,-1,0,0,-0.999969],
    "metadata": {
        "normals": 2,
        "vertices": 145,
        "faces": 144,
        "generator": "io_three",
        "version": 3,
        "type": "Geometry",
        "uvs": 1
    },
    "vertices": [-2.101,0,-0.004618,-2.101,-0.438698,-0.004618,-2.101,-0.8475,-0.004618,-2.101,-1.44677,-0.004618,-0.8475,-1.44677,-0.004618,-0.438698,-1.44677,-0.004618,-0,-1.44677,-0.004618,0.438698,-1.44677,-0.004618,0.8475,-1.44677,-0.004618,2.101,-1.44677,-0.004618,2.101,-0.8475,-0.004618,2.101,-0.438698,-0.004618,2.101,0,-0.004618,2.101,0.438698,-0.004617,2.101,0.8475,-0.004617,2.101,1.44677,-0.004617,0.8475,1.44677,-0.004617,0.438698,1.44677,-0.004617,-0,1.44677,-0.004617,-0.438698,1.44677,-0.004617,-0.8475,1.44677,-0.004617,-2.101,1.44677,-0.004617,-2.101,0.8475,-0.004617,-2.101,0.438698,-0.004617,-0.693342,-0.39,-0.004618,-0.669716,-0.56945,-0.004618,-0.600451,-0.736671,-0.004618,-0.490267,-0.880267,-0.004618,-0.346671,-0.990451,-0.004618,-0.17945,-1.05972,-0.004618,0,-1.08334,-0.004618,0.17945,-1.05972,-0.004618,0.346671,-0.990451,-0.004618,0.490267,-0.880266,-0.004618,0.600451,-0.736671,-0.004618,0.669717,-0.56945,-0.004618,0.693342,-0.39,-0.004618,0.669716,-0.21055,-0.004618,0.600451,-0.043329,-0.004618,0.490267,0.100267,-0.004618,0.346671,0.210451,-0.004617,0.17945,0.279716,-0.004617,-0,0.303342,-0.004617,-0.17945,0.279716,-0.004617,-0.346671,0.210451,-0.004617,-0.490267,0.100266,-0.004618,-0.600451,-0.043329,-0.004618,-0.669717,-0.21055,-0.004618,-0.420022,-0.39,-0.004618,-0.40571,-0.49871,-0.004618,-0.36375,-0.600011,-0.004618,-0.297001,-0.687001,-0.004618,-0.210011,-0.75375,-0.004618,-0.10871,-0.79571,-0.004618,0,-0.810022,-0.004618,0.10871,-0.79571,-0.004618,0.210011,-0.75375,-0.004618,0.297001,-0.687001,-0.004618,0.36375,-0.600011,-0.004618,0.40571,-0.49871,-0.004618,0.420022,-0.39,-0.004618,0.40571,-0.28129,-0.004618,0.36375,-0.179989,-0.004618,0.297001,-0.092999,-0.004618,0.210011,-0.02625,-0.004618,0.10871,0.01571,-0.004618,0,0.030022,-0.004618,-0.10871,0.01571,-0.004618,-0.210011,-0.02625,-0.004618,-0.297001,-0.092999,-0.004618,-0.36375,-0.179989,-0.004618,-0.40571,-0.28129,-0.004618,-0.342947,-0.39,-0.004618,-0.331261,-0.478761,-0.004618,-0.297001,-0.561473,-0.004618,-0.2425,-0.6325,-0.004618,-0.171473,-0.687001,-0.004618,-0.088761,-0.721261,-0.004618,-0,-0.732947,-0.004618,0.088761,-0.721261,-0.004618,0.171473,-0.687001,-0.004618,0.2425,-0.6325,-0.004618,0.297001,-0.561473,-0.004618,0.331261,-0.478761,-0.004618,0.342947,-0.39,-0.004618,0.331261,-0.301239,-0.004618,0.297001,-0.218527,-0.004618,0.2425,-0.1475,-0.004618,0.171473,-0.092999,-0.004618,0.088761,-0.058739,-0.004618,0,-0.047053,-0.004618,-0.088761,-0.058739,-0.004618,-0.171473,-0.092999,-0.004618,-0.2425,-0.1475,-0.004618,-0.297001,-0.218527,-0.004618,-0.331261,-0.301239,-0.004618,-0.2425,-0.39,-0.004618,-0.234237,-0.452764,-0.004618,-0.210011,-0.51125,-0.004618,-0.171473,-0.561473,-0.004618,-0.12125,-0.600011,-0.004618,-0.062764,-0.624237,-0.004618,0,-0.6325,-0.004618,0.062764,-0.624237,-0.004618,0.12125,-0.600011,-0.004618,0.171473,-0.561473,-0.004618,0.210011,-0.51125,-0.004618,0.234237,-0.452764,-0.004618,0.2425,-0.39,-0.004618,0.234237,-0.327236,-0.004618,0.210011,-0.26875,-0.004618,0.171473,-0.218527,-0.004618,0.12125,-0.179989,-0.004618,0.062764,-0.155763,-0.004618,-0,-0.1475,-0.004618,-0.062764,-0.155763,-0.004618,-0.12125,-0.179989,-0.004618,-0.171473,-0.218527,-0.004618,-0.210011,-0.26875,-0.004618,-0.234237,-0.327236,-0.004618,-0.125527,-0.39,-0.004618,-0.12125,-0.422489,-0.004618,-0.10871,-0.452764,-0.004618,-0.088761,-0.478761,-0.004618,-0.062764,-0.49871,-0.004618,-0.032489,-0.51125,-0.004618,-0,-0.515527,-0.004618,0.032489,-0.51125,-0.004618,0.062764,-0.49871,-0.004618,0.088761,-0.478761,-0.004618,0.10871,-0.452764,-0.004618,0.12125,-0.422489,-0.004618,0.125527,-0.39,-0.004618,0.12125,-0.357511,-0.004618,0.10871,-0.327236,-0.004618,0.088761,-0.301239,-0.004618,0.062764,-0.28129,-0.004618,0.032489,-0.26875,-0.004618,-0,-0.264473,-0.004618,-0.032489,-0.26875,-0.004618,-0.062764,-0.28129,-0.004618,-0.088761,-0.301239,-0.004618,-0.10871,-0.327236,-0.004618,-0.12125,-0.357511,-0.004618,0,-0.39,-0.004618],