{
    "normals": [0,0,-1],
    "metadata": {
        "normals": 1,
        "vertices": 14,
        "faces": 6,
        "generator": "io_three",
        "version": 3,
        "type": "Geometry",
        "uvs": 1
    },
    "vertices": [2.1,-1.445,-0,2.1,1.445,0,-2.1,-1.445,-0,-2.1,1.445,0,0,-1.445,-0,0,1.445,0,0.329314,1.445,0,0.329314,-1.445,-0,-0.329314,-1.445,-0,-0.329314,1.445,0,-0.5103,-1.445,-0,-0.5103,1.445,0,0.5103,1.445,0,0.5103,-1.445,-0],
    "faces": [41,4,5,6,7,0,1,2,3,0,0,0,0,41,5,4,8,9,1,0,4,5,0,0,0,0,41,10,2,3,11,6,7,8,9,0,0,0,0,41,11,9,8,10,9,5,4,6,0,0,0,0,41,0,13,12,1,12,13,10,11,0,0,0,0,41,13,7,6,12,13,3,2,10,0,0,0,0],
    "name": "Empty_Mesh_1_lib.003Geometry",
    "uvs": [[0.5,0,0.5,1,0.46813,1,0.46813,0,0.53187,0,0.53187,1,0.5633,0,1,0,1,1,0.5633,1,0.4367,1,0,1,0,0,0.4367,0]]
}